framework,L1_detect_ms,L2_reason_ms,L3_dispatch_ms,L4_execute_ms
Baseline,49.924299999999995,119.96029999999999,297.4214333333333,900.9721333333334
SAM,49.9923,59.99243333333333,119.26466666666667,179.96023333333332
