framework,mean,median,std,min,max
Baseline,2763.1881000000003,2763.205,768.0596775854153,652.27,5087.45
SAM,349.52945,351.495,87.09473498227983,120.0,583.52
